{"Rover": 10.821477337871851, "Hyundai": 11.84129727330354, "Chery": 10.601470935677591, "Mazda": 10.98362705979902, "Dacia": 11.697938660131923, "Jaguar": 12.180773716925435, "Peugeot": 11.460364809012319, "Opel": 11.704927503794043, "Mercedes-Benz": 12.130963329658721, "Renault": 11.500620430625279, "Volkswagen": 11.980492635962063, "Kia": 11.540130224450797, "Seat": 11.647470454757507, "Toyota": 11.645258741816933, "Ssangyong": 11.054901193932137, "Citroen": 11.42821458363824, "Alfa Romeo": 11.701323105761801, "Mitsubishi": 11.360877223211068, "Porsche": 12.962244221637064, "DFSK": 11.407417102905772, "Jeep": 12.147332048142179, "Skoda": 12.026636377269355, "Ford": 11.673134475445949, "BMW": 12.103395411935022, "Geely": 11.233894993221515, "Daewoo": 10.264358922277705, "Fiat": 11.179618387103877, "Honda": 11.084194468859655, "Volvo": 12.189929055594634, "Suzuki": 10.773945514769201, "Chevrolet": 10.895977315833274, "Cadillac": 11.999192568041785, "Audi": 12.345257760386897, "Nissan": 11.745220931773064}