{"Rover": 11.053801570862632, "Hyundai": 11.848660997542344, "Chery": 10.531277610831236, "Mazda": 10.953764310988062, "Dacia": 11.693519796507173, "Jaguar": 12.137214240825655, "Peugeot": 11.46554469482898, "Opel": 11.721542795205888, "Mercedes-Benz": 12.1416844617426, "Renault": 11.484694562351597, "Volkswagen": 11.975379844762767, "Kia": 11.548536522270748, "Seat": 11.656802746037414, "Toyota": 11.630031153518756, "Ssangyong": 11.043666440494077, "Citroen": 11.422563956433157, "Alfa Romeo": 11.699003449537907, "Mitsubishi": 11.348702252064022, "Porsche": 12.972497697356113, "DFSK": 11.429440173589, "Jeep": 12.14911646434139, "Skoda": 12.027213378870567, "Ford": 11.69279353428555, "BMW": 12.100948962567758, "Geely": 11.366087416322372, "Daewoo": 10.337295048029894, "Fiat": 11.15615683490216, "Honda": 11.097556041165394, "Volvo": 12.158289135457444, "Suzuki": 10.746011365568027, "Chevrolet": 10.889390857952137, "Cadillac": 11.989722972515505, "Audi": 12.366469636621945, "Nissan": 11.748060958328054}